target_date,previous_close,actual,predicted,model_name
2024-04-16,22.04024679635881,22.19705929996089,22.04024679635881,Naive
2024-04-17,22.19705929996089,22.359699839151745,22.19705929996089,Naive
2024-04-18,22.359699839151745,22.513566533292323,22.359699839151745,Naive
2024-04-19,22.513566533292323,22.64502338019184,22.513566533292323,Naive
2024-04-22,22.64502338019184,22.74290139050904,22.64502338019184,Naive
2024-04-23,22.74290139050904,22.79972813831204,22.74290139050904,Naive
2024-04-24,22.79972813831204,22.8125503713618,22.79972813831204,Naive
2024-04-25,22.8125503713618,22.783259123155197,22.8125503713618,Naive
2024-04-26,22.783259123155197,22.71838153640842,22.783259123155197,Naive
2024-04-29,22.71838153640842,22.628362315323148,22.71838153640842,Naive
2024-04-30,22.628362315323148,22.52641390875829,22.628362315323148,Naive
2024-05-01,22.52641390875829,22.42706200316632,22.52641390875829,Naive
2024-05-02,22.42706200316632,22.34454644631481,22.42706200316632,Naive
2024-05-03,22.34454644631481,22.29125363787618,22.34454644631481,Naive
2024-05-06,22.29125363787618,22.276352958903395,22.29125363787618,Naive
2024-04-16,22.04024679635881,22.19705929996089,21.83676732112799,MA5
2024-04-17,22.19705929996089,22.359699839151745,21.934097740125736,MA5
2024-04-18,22.359699839151745,22.513566533292323,22.059599442780353,MA5
2024-04-19,22.513566533292323,22.64502338019184,22.20275901839935,MA5
2024-04-22,22.64502338019184,22.74290139050904,22.351119169791122,MA5
2024-04-23,22.74290139050904,22.79972813831204,22.491650088621167,MA5
2024-04-24,22.79972813831204,22.8125503713618,22.6121838562914,MA5
2024-04-25,22.8125503713618,22.783259123155197,22.702753962733407,MA5
2024-04-26,22.783259123155197,22.71838153640842,22.756692480705983,MA5
2024-04-29,22.71838153640842,22.628362315323148,22.771364111949303,MA5
2024-04-30,22.628362315323148,22.52641390875829,22.74845629691212,MA5
2024-05-01,22.52641390875829,22.42706200316632,22.69379345100137,MA5
2024-05-02,22.42706200316632,22.34454644631481,22.616695777362274,MA5
2024-05-03,22.34454644631481,22.29125363787618,22.528953241994195,MA5
2024-05-06,22.29125363787618,22.276352958903395,22.44352766228775,MA5
2024-04-16,22.04024679635881,22.19705929996089,21.863499595109232,MA10
2024-04-17,22.19705929996089,22.359699839151745,21.87545281417723,MA10
2024-04-18,22.359699839151745,22.513566533292323,21.91377685046402,MA10
2024-04-19,22.513566533292323,22.64502338019184,21.97755534321718,MA10
2024-04-22,22.64502338019184,22.74290139050904,22.06306974965667,MA10
2024-04-23,22.74290139050904,22.79972813831204,22.16420870487458,MA10
2024-04-24,22.79972813831204,22.8125503713618,22.273140798208566,MA10
2024-04-25,22.8125503713618,22.783259123155197,22.381176702756882,MA10
2024-04-26,22.783259123155197,22.71838153640842,22.479725749552667,MA10
2024-04-29,22.71838153640842,22.628362315323148,22.561241640870215,MA10
2024-04-30,22.628362315323148,22.52641390875829,22.620053192766644,MA10
2024-05-01,22.52641390875829,22.42706200316632,22.652988653646382,MA10
2024-05-02,22.42706200316632,22.34454644631481,22.659724870047842,MA10
2024-05-03,22.34454644631481,22.29125363787618,22.64282286135009,MA10
2024-05-06,22.29125363787618,22.276352958903395,22.607445887118523,MA10
2024-04-16,22.04024679635881,22.19705929996089,21.924164390685537,MA20
2024-04-17,22.19705929996089,22.359699839151745,21.96138932548933,MA20
2024-04-18,22.359699839151745,22.513566533292323,21.99901174539498,MA20
2024-04-19,22.513566533292323,22.64502338019184,22.03619252786634,MA20
2024-04-22,22.64502338019184,22.74290139050904,22.072141168513255,MA20
2024-04-23,22.74290139050904,22.79972813831204,22.106202804642763,MA20
2024-04-24,22.79972813831204,22.8125503713618,22.13793030654381,MA20
2024-04-25,22.8125503713618,22.783259123155197,22.167133500256643,MA20
2024-04-26,22.783259123155197,22.71838153640842,22.19390010308373,MA20
2024-04-29,22.71838153640842,22.628362315323148,22.21858606713343,MA20
2024-04-30,22.628362315323148,22.52641390875829,22.241776393937933,MA20
2024-05-01,22.52641390875829,22.42706200316632,22.264220733911806,MA20
2024-05-02,22.42706200316632,22.34454644631481,22.286750860255932,MA20
2024-05-03,22.34454644631481,22.29125363787618,22.310189102283637,MA20
2024-05-06,22.29125363787618,22.276352958903395,22.335257818387596,MA20
2024-04-16,22.04024679635881,22.19705929996089,22.040246794316992,SES
2024-04-17,22.19705929996089,22.359699839151745,22.1970592976242,SES
2024-04-18,22.359699839151745,22.513566533292323,22.359699836728215,SES
2024-04-19,22.513566533292323,22.64502338019184,22.51356653099953,SES
2024-04-22,22.64502338019184,22.74290139050904,22.64502337823298,SES
2024-04-23,22.74290139050904,22.79972813831204,22.742901389050544,SES
2024-04-24,22.79972813831204,22.8125503713618,22.799728137465255,SES
2024-04-25,22.8125503713618,22.783259123155197,22.812550371170737,SES
2024-04-26,22.783259123155197,22.71838153640842,22.78325912359167,SES
2024-04-29,22.71838153640842,22.628362315323148,22.71838153737517,SES
2024-04-30,22.628362315323148,22.52641390875829,22.62836231666454,SES
2024-05-01,22.52641390875829,22.42706200316632,22.52641391027744,SES
2024-05-02,22.42706200316632,22.34454644631481,22.42706200464678,SES
2024-05-03,22.34454644631481,22.29125363787618,22.344546447544385,SES
2024-05-06,22.29125363787618,22.276352958903395,22.29125363867031,SES
2024-04-16,22.04024679635881,22.19705929996089,22.171460105157877,ARIMA
2024-04-17,22.19705929996089,22.359699839151745,22.347221763921166,ARIMA
2024-04-18,22.359699839151745,22.513566533292323,22.51544318578372,ARIMA
2024-04-19,22.513566533292323,22.64502338019184,22.660908112457474,ARIMA
2024-04-22,22.64502338019184,22.74290139050904,22.77090545962711,ARIMA
2024-04-23,22.74290139050904,22.79972813831204,22.836628630742734,ARIMA
2024-04-24,22.79972813831204,22.8125503713618,22.854145000953313,ARIMA
2024-04-25,22.8125503713618,22.783259123155197,22.824828844468197,ARIMA
2024-04-26,22.783259123155197,22.71838153640842,22.755210046059045,ARIMA
2024-04-29,22.71838153640842,22.628362315323148,22.6562552514636,ARIMA
2024-04-30,22.628362315323148,22.52641390875829,22.54216059204571,ARIMA
2024-05-01,22.52641390875829,22.42706200316632,22.428788887953505,ARIMA
2024-05-02,22.42706200316632,22.34454644631481,22.331923371997622,ARIMA
2024-05-03,22.34454644631481,22.29125363787618,22.265530174989152,ARIMA
2024-05-06,22.29125363787618,22.276352958903395,22.240220848763816,ARIMA
2024-04-16,22.04024679635881,22.19705929996089,21.54481644304287,LSTM
2024-04-17,22.19705929996089,22.359699839151745,21.56383132346204,LSTM
2024-04-18,22.359699839151745,22.513566533292323,21.585207224177193,LSTM
2024-04-19,22.513566533292323,22.64502338019184,21.60687322156331,LSTM
2024-04-22,22.64502338019184,22.74290139050904,21.62692734939715,LSTM
2024-04-23,22.74290139050904,22.79972813831204,21.64383557542002,LSTM
2024-04-24,22.79972813831204,22.8125503713618,21.656513623475742,LSTM
2024-04-25,22.8125503713618,22.783259123155197,21.664329762901716,LSTM
2024-04-26,22.783259123155197,22.71838153640842,21.667074656539768,LSTM
2024-04-29,22.71838153640842,22.628362315323148,21.664938115810607,LSTM
2024-04-30,22.628362315323148,22.52641390875829,21.658504318900544,LSTM
2024-05-01,22.52641390875829,22.42706200316632,21.648758053684364,LSTM
2024-05-02,22.42706200316632,22.34454644631481,21.637066254613043,LSTM
2024-05-03,22.34454644631481,22.29125363787618,21.625101360873447,LSTM
2024-05-06,22.29125363787618,22.276352958903395,21.614684977660463,LSTM
